{
    "title": "",
    "content": "",
    "imageUrl": "",
    "contentColor": "var(--cgds-text-color)",
    "titleColor": "var(--cgds-primary)",
    "href": "",
    "linkText": "Read More",
    "lastUpdated": "",
    "id": "",
    "post": [],
    "fetchPosts": false,
    "bgColor": "#ffffff",
    "sizeAuto": false,
    "showImage": false,
    "showRouteButton": false,
    "style": "",
    "inputOption": "",
    "displayContent": false,
    "posts": [],
    "btnColor": "var(--cgds-100)",
    "imageWidth": 35,
    "imageAspectRatio": "ratio-4x3",
    "border":true,
    "padding":true,
    "newTab": true,
    "author": "",
    "showAuthorAndTime": false
}
